index,published,keyword,domain,language,valid,title,description,url,image,archive,content,quote,de,en,la,added
94c1e8613b0a02a11db3c20920d483cb,2026-08-01T04:04:58Z,'cold spell',www.abc.net.au,en,0.3,Dry July for Western Australia as stunning pictures tell story,"July was one of the driest on record in large parts of WA but despite the lack of rain, it was an eventful month. From double rainbows, to fog and dazzling stars — here are the photos that captured it.",https://www.abc.net.au/news/2026-08-01/wa-july-weather-wrap-reveals-dry-month-in-parts-of-state/106973660,https://live-production.wcms.abc-cdn.net.au/a39a263b8ca6e91b17e7cf1ab106aacd?impolicy=wcms_watermark_news&cropH=900&cropW=1600&xPos=0&yPos=198&width=862&height=485&imformat=generic,http://web.archive.org/web/20260802010436/https://www.abc.net.au/news/2026-08-01/wa-july-weather-wrap-reveals-dry-month-in-parts-of-state/106973660,"Despite a wet start to winter, July has been one of the driest on record for large parts of Western Australia.
A lack of consecutive cold fronts and strong storm systems left rainfall totals across … [+7075 chars]",,"Trockener Juli für Westaustralien, atemberaubende Bilder erzählen Geschichte. Der Juli war einer der trockensten seit Beginn der Aufzeichnungen in weiten Teilen von WA, aber trotz des Mangels an Regen war es ein ereignisreicher Monat. Von doppelten Regenbögen bis hin zu Nebel und funkelnden Sternen – hier sind die Fotos, die es eingefangen haben.","Dry July for Western Australia as stunning pictures tell story. July was one of the driest on record in large parts of WA but despite the lack of rain, it was an eventful month. From double rainbows, to fog and dazzling stars — here are the photos that captured it.","Arida Iulii in Australia occidentali pro imaginibus attonitus fabulam narrare. Iulius unus ex aridissimis in magnis partibus WA recordatus est sed, quamvis pluviae defectus, mense eventu eventu fuit. Ex duplici iride, ad nebulas et stellas fulgentes — hic sunt imagines captae.",2026-08-02 20:49:15+00:00
4bc66824deb9a5a39a7867da5cab17f0,2026-08-03T07:05:03Z,'cold spell',www.lifesciencesworld.com,en,0.2,Where do possums go in the winter?,"Where Do Possums Go in the Winter: Unveiling the Secrets of a Cold-Weather Survivor As temperatures plummet, many animals hibernate or migrate. But where do possums go in the winter? They don’t hibernate; instead, these adaptable marsupials often seek shelter…",https://www.lifesciencesworld.com/where-do-possums-go-in-the-winter/,,,"Where Do Possums Go in the Winter: Unveiling the Secrets of a Cold-Weather Survivor
As temperatures plummet, many animals hibernate or migrate. But where do possums go in the winter? They don’t hibe… [+9226 chars]",,"Wohin gehen Opossums im Winter? Wohin gehen Opossums im Winter: Die Geheimnisse eines Überlebenden bei kaltem Wetter enthüllen Wenn die Temperaturen sinken, halten viele Tiere Winterschlaf oder wandern. Aber wohin gehen Opossums im Winter? Sie halten keinen Winterschlaf; Stattdessen suchen diese anpassungsfähigen Beuteltiere oft Schutz ...","Where do possums go in the winter?. Where Do Possums Go in the Winter: Unveiling the Secrets of a Cold-Weather Survivor As temperatures plummet, many animals hibernate or migrate. But where do possums go in the winter? They don’t hibernate; instead, these adaptable marsupials often seek shelter…","Ubi possums hieme ire?. Ubi Possums Vade in Hyeme: Detege Secreta frigoris Superstes Ut calores perpendiculum, multa animalia hibernant vel migrant. Sed ubi possums hieme abire? Non hibernant; sed haec marsupialis accommodata saepe receptacula quaerunt.",2026-08-04 07:34:37+00:00
ad013f0111676e5f0be145fcd329edc9,2026-08-03T18:10:10Z,'colder than usual',newsonjapan.com,en,0.3,Iran Conflict Enters New Phase as Energy Risks Spread,"The conflict involving Iran, the United States and Israel may be entering a more dangerous phase, with Tehran appearing increasingly willing to initiate attacks rather than merely respond to US strikes, while disruptions around the Strait of Hormuz threaten o…",https://newsonjapan.com/article/150229.php,https://i2.ytimg.com/vi/Y9sKXwqx6Tg/maxresdefault.jpg,http://web.archive.org/web/20260804024829/https://newsonjapan.com/article/150229.php,"TOKYO -
 The conflict involving Iran, the United States and Israel may be entering a more dangerous phase, with Tehran appearing increasingly willing to initiate attacks rather than merely respond t… [+16762 chars]",,"Der Iran-Konflikt tritt in eine neue Phase ein, da sich die Energierisiken ausbreiten. Der Konflikt zwischen dem Iran, den Vereinigten Staaten und Israel könnte in eine gefährlichere Phase eintreten, da Teheran zunehmend bereit zu sein scheint, Angriffe zu initiieren, anstatt nur auf US-Angriffe zu reagieren, während Unruhen rund um die Straße von Hormus drohen.","Iran Conflict Enters New Phase as Energy Risks Spread. The conflict involving Iran, the United States and Israel may be entering a more dangerous phase, with Tehran appearing increasingly willing to initiate attacks rather than merely respond to US strikes, while disruptions around the Strait of Hormuz threaten o…","Iran Conflictus Novum Phase intrat sicut Energy Risks Expande. Conflictus Iran, Civitates Foederatae et Israel periculosius tempus inire possunt, cum Tehran magis magisque apparens impetus inire quam modo respondere ad US percutit, cum distractiones circa Fretum Hormuz minantur o…",2026-08-04 21:07:22+00:00
8e2b92dead831acd7f103ff0a6c8cf21,2026-08-03T19:16:22Z,'colder than usual',nypost.com,en,0.8,New lowest temperature on Earth just recorded amid global heatwave,"Last month, Earth dropped to its coldest temperature in 14 years.",https://nypost.com/2026/08/03/science/record-low-temperatures-recorded-in-antarctica/,https://nypost.com/wp-content/uploads/sites/2/2026/08/newspress-collage-7y22l8ouf-1785774877116.jpg?quality=75&strip=all&1785760564&w=1200,http://web.archive.org/web/20260803224340/https://nypost.com/2026/08/03/science/record-low-temperatures-recorded-in-antarctica/,"Last month, Earth dropped to its coldest temperature in 14 years.
Antarctica’s Concordia research station recorded the frigid temperature of 119.4°F (84.1°C) on July 18.
The remote research station… [+4081 chars]",,Neue niedrigste Temperatur auf der Erde wurde gerade inmitten einer globalen Hitzewelle gemessen. Letzten Monat sank die Erde auf die kälteste Temperatur seit 14 Jahren.,"New lowest temperature on Earth just recorded amid global heatwave. Last month, Earth dropped to its coldest temperature in 14 years.","Nova temperatura infima in Tellure sicut inter aestuos globalis commemoratur. Novissimo mense, Terra ad frigidissimam suam temperiem in 14 annis decidit.",2026-08-04 21:07:22+00:00
