day,sentiment_mean,sentiment_std,subjectivity_mean,subjectivity_std,counting
2025-10-12,0.9417104701465948,1.0,0.03879400618429285,1.0,1.0
2025-10-15,-0.24320610352131558,1.0,0.3324872016928661,1.0,1.0
2025-10-16,-0.3,1.0,1.0,1.0,1.0
2025-10-18,0.9798059140067926,1.0,0.8845609163814703,1.0,1.0
2025-10-19,-0.06296296296296298,1.0,0.6648148148148147,1.0,1.0
2025-10-20,-0.3350575589376151,1.4738429440252019,0.6425837226795694,0.09124938442635976,2.0
2025-10-23,0.012500000000000004,1.0,0.48124999999999996,1.0,1.0
2025-10-24,-0.17624673716508205,0.006813915330334665,1.1928794867823893,0.8990673637335876,2.0
2025-10-26,-0.7071067811865475,1.0,0.7071067811865471,1.0,1.0
2025-10-27,0.013888888888888883,1.0,0.6305555555555555,1.0,1.0
2025-10-28,-0.48801764736817227,0.5452335047307163,0.6715775439068858,0.0027947336299937943,2.0
2025-11-03,-2.025986727745328,1.0,0.43248002007328745,1.0,1.0
2025-11-04,-1.119337921661875,1.0,0.5951597212805414,1.0,1.0
2025-11-06,-1.2482929226954331,0.5895599625772898,-0.01917365819299871,0.6395935678187787,2.0
2025-11-07,-0.5329399152938724,0.6389989729152972,-0.1447026392179512,1.2449667657225987,4.0
2025-11-08,0.6313125609434455,0.7263872846867157,0.30586593574999893,0.9963443098631221,3.0
2025-11-09,-1.0497762577178393,1.0,-0.49601012421265056,1.0,1.0
2025-11-10,-0.3381511402599909,0.5560941823085152,0.7916110677602148,0.43749451215589713,5.0
2025-11-11,-0.33196410135745946,1.4694681343607159,-0.38220528257082015,0.459480105777705,2.0
2025-11-12,-0.771891901491902,1.0,0.3831535935538191,1.0,1.0
2025-11-14,0.05350483139290424,0.9058926911570048,0.3227916141108473,0.9511808046780995,6.0
2025-11-15,-0.3513641395575642,1.0,-0.303800831233219,1.0,1.0
2025-11-16,-0.715031212502883,0.1654515031879914,-0.5666310093791613,0.38280145141867467,2.0
2025-11-17,-0.41844310775697374,1.2122790175483638,0.06403460906547125,1.0902934942446092,6.0
2025-11-18,-0.1130013616047235,0.7812063474746475,0.3336973588150688,0.7618108020818156,7.0
2025-11-19,-0.1328174379893185,0.6244605640399952,0.5100180132183326,0.687469086963952,3.0
2025-11-20,-0.3263705515158087,0.6892575232951058,-0.36724759995369155,0.5190828072349025,3.0
2025-11-21,0.21612485719556815,0.7933064715891285,-0.12264133399550711,0.834416067424747,5.0
2025-11-22,0.1491422466450674,0.712467698425007,-0.5336293813316048,1.0724189337956296,3.0
2025-11-24,-0.14652326276975586,1.108678861104992,-0.16216949446013273,0.9683124642327523,9.0
2025-11-25,0.7071067811865476,1.0,0.7071067811865485,1.0,1.0
2025-11-26,-0.18569644977866714,0.7754512214741388,0.23128450833811143,0.7973030118406009,5.0
2025-11-27,-0.46022005725994036,0.34915055334686984,-0.14938672392660735,0.7887352689845073,2.0
2025-11-28,-0.11967551124199591,0.5946190686132936,0.251542755365225,0.8357170631163415,7.0
2025-11-29,-0.2016708609015688,0.7532430122649808,0.09414491372438108,0.5672314170720681,2.0
2025-11-30,0.17337163182916487,0.729511576102967,0.4220263985026714,0.43354760871558634,8.0
2025-12-01,0.015400210538336734,0.5678589353617366,0.1684470955623309,0.9495266518671162,13.0
2025-12-02,-0.16786263979970728,0.993569058980379,-0.47918943985661155,0.70175467867482,10.0
2025-12-03,-0.21830057425057856,0.466164790142163,-0.26995962416048747,0.9976090710207176,7.0
2025-12-04,-0.21212303844992314,0.704250424532797,0.00973683519686908,0.7930689626769546,17.0
2025-12-05,0.13327246221628736,0.20409987107965166,-0.11403169377859146,1.2111552188575532,5.0
2025-12-06,0.7950624647026258,1.6947928870883504,0.6419144345833729,0.6441670401539311,5.0
2025-12-07,-0.5942945640477745,1.2431270944549688,0.32983522937726995,0.40277691738690635,3.0
2025-12-08,-0.28039626868619866,0.6117428000759286,-0.4516314826231107,1.0305872444549342,7.0
2025-12-09,-0.16965241043649068,1.0228935451285786,0.27416784476503203,0.8527068065528444,11.0
2025-12-10,0.05604796018694577,0.7631068015056859,-0.12967462698510474,0.6725472974363547,11.0
2025-12-11,0.3168290697504405,0.9657247446259708,0.30409918570230166,0.8540360952785763,11.0
2025-12-12,-0.2594705460167725,0.6856610818233422,0.006215931034490302,0.8479447399817625,11.0
2025-12-13,-0.3875431943436378,0.5308750831745553,0.18999623195415394,0.466147146483881,4.0
2025-12-14,-0.5350523950939884,0.8163789187923405,0.5028719175977627,0.8505528228450719,3.0
2025-12-15,-0.2500002320959127,0.8860131196256434,0.4598748901693585,0.8976311575957562,9.0
2025-12-16,0.12626308598521252,0.8872892963705618,0.17278108087570682,0.9524833313055948,25.0
2025-12-17,-0.3162641080739485,0.8823245659033322,-0.06747531297279274,1.0070100615898379,15.0
2025-12-18,-0.12115501415955647,1.2168917377357837,0.2198571052668185,0.7350469297158202,14.0
2025-12-19,-0.23381823019048878,0.6983905788433967,-0.3258520763130119,1.0350512721914382,13.0
2025-12-20,0.24090799694040885,1.1324251862588122,0.5753123796529722,1.0075122032055088,13.0
2025-12-21,0.378335021088656,0.729955985971053,-0.256930507332433,0.9719240320257385,11.0
2025-12-22,0.3079238892300158,0.7924133281963599,-0.46430810545287293,0.7168933182252943,9.0
2025-12-23,-0.29269361191510773,0.7425812367601787,-0.05530395305634605,1.140394749581533,15.0
2025-12-24,-0.36759463974651724,0.8828545633411333,0.2536302089193537,0.9856302860866707,16.0
2025-12-25,0.3769974069024989,1.0463479235092297,0.5942900891856399,0.6084617819167896,3.0
2025-12-26,0.2047798332924448,1.353710678529706,-0.10507626792060529,0.7618096213572858,10.0
2025-12-27,0.081671112400739,0.4963999405838642,0.2639883872009563,0.5217527623981569,6.0
2025-12-28,-0.14113894248933187,0.6596274897500238,0.4636032841676415,0.5628737112256461,7.0
2025-12-29,0.10930097731107331,0.831780344779903,0.15892286814210987,0.762991266175067,25.0
2025-12-30,0.3934887718542848,0.9230480441905841,-0.06776643397285984,1.2221385723044924,9.0
2025-12-31,0.037075579858319496,0.9060293540914884,0.45949458062277443,0.4844426143392137,16.0
2026-01-01,0.3514490795390378,0.9586697908690079,0.13115050507292897,0.7373199929731106,8.0
2026-01-02,-0.07317958061184879,1.189540866835326,0.20006597122298891,1.4054586916950904,13.0
2026-01-03,-0.456171893474629,1.0780053395349734,0.7990551687169075,0.5882190464809257,5.0
2026-01-04,-1.3875600705687017,1.258280770996597,0.7731329488535443,1.5381342768805473,4.0
2026-01-05,0.27393896320189404,0.9086393226898427,-0.12946457058589006,0.8482799754433334,10.0
2026-01-06,0.13377093585912292,0.9916366307840089,0.005198590804098534,0.932118985500487,19.0
2026-01-07,0.13060514826822273,0.7785857693396936,-0.016991056947120383,0.9670254438291483,26.0
2026-01-08,0.2727415385385672,0.6939719283861101,-0.0836271518556717,0.9269664470502118,16.0
2026-01-09,-0.3623560044863924,0.9244998439410194,0.08444395600902202,1.0047794338835936,16.0
2026-01-10,-0.10858848810629308,0.7191876796689965,-0.0046582572773152305,0.7246646902885389,11.0
2026-01-11,-0.4980286809245802,0.752109764857286,0.19685946116078754,1.2271527762688395,9.0
2026-01-12,-0.11895136708011411,0.9094110102745667,-0.1860490306126145,0.6447576119489868,16.0
2026-01-13,-0.2342104860780541,0.7860114851867205,0.28824571879453087,0.8201620173344474,14.0
2026-01-14,-0.2706079794792261,0.7319599529638972,-0.2858360282972463,1.028499581499495,9.0
2026-01-15,-0.17597645275840995,1.468854624688896,0.4062772740484951,0.9080511261259876,14.0
2026-01-16,-0.04684024119617636,0.88217179913136,0.03773785478049598,0.9705931630354118,31.0
2026-01-17,-0.45806423770697824,1.1473469849307238,0.1711570911967216,0.9969610314859569,11.0
2026-01-18,-0.21903721494288353,0.7338575081826747,0.6573937285630355,0.6787728392603821,11.0
2026-01-19,0.18277764302147362,0.6363391902800685,-0.09744403326078106,0.8041788772030674,11.0
2026-01-20,-0.11761045676736966,0.75240235068335,0.40578056493981984,0.776718741349178,20.0
2026-01-21,-0.07155005387631812,0.9255974092373696,-0.06494369925062818,0.6167185901061756,17.0
2026-01-22,-0.2375607631340096,0.6948943137807261,0.5304536747516998,0.6636158426092763,18.0
2026-01-23,-0.028272865347241785,0.7254956417858662,0.04052406204342997,1.1470242318838206,33.0
2026-01-24,-0.409224212343309,0.815264829296645,0.19659478935710223,0.8443216820557414,28.0
2026-01-25,0.4331007370055859,0.7121965264841975,-0.7134208798274836,0.8328633086180974,14.0
2026-01-26,-0.09013803879081307,0.7825950741124911,-0.06912788410541836,0.7401172251250241,24.0
2026-01-27,-0.4924579163227106,0.8763738582829398,0.5355982167462974,0.676311476323931,22.0
2026-01-28,-0.025852429221899897,1.0591800511345757,0.06721251497997673,0.4600048527925849,14.0
2026-01-29,-0.5974750046997492,1.0775001708687144,0.20066844129667144,0.9853701194589234,27.0
2026-01-30,-0.10530183137284709,1.0773443973113972,0.31635762993887445,0.8604011042102371,22.0
2026-01-31,-0.3256729434782465,0.648336541231574,0.013339042963593997,0.7755402850652754,14.0
2026-02-01,0.4979632277465301,1.0316709140804752,0.15604846211244017,0.547975553247691,5.0
2026-02-02,-0.0538537829538224,0.9100336061638737,-0.2318656186269194,0.580385522622732,17.0
2026-02-03,-0.2242349115311588,0.7672818749446013,-0.07611183128413902,1.0153073146489762,16.0
2026-02-04,0.0069369155727800206,0.7590884788460673,-0.117175241865633,1.1247857764692033,21.0
2026-02-05,-0.7048639018111875,0.8831556295345621,0.01668512125583209,0.7399374087488677,12.0
2026-02-06,-0.20114506187673814,0.8199998858431243,0.25805647820177247,0.7890455458384573,20.0
2026-02-07,-0.11991827787464494,0.845827194956412,-0.19271728730346271,1.1777153560857405,9.0
2026-02-08,0.48700184892967346,0.7459387011862976,-0.14680948146655767,0.8211580299613339,10.0
2026-02-09,-0.4325416578096188,0.7280009086989202,-0.18224217050147987,0.8698296617194138,22.0
2026-02-10,-0.01793606445965759,0.8615217571743825,0.0699367049633033,0.807950553332934,21.0
2026-02-11,0.016825379638506985,0.8406971390099522,0.12438188979145746,0.6719587898321634,16.0
2026-02-12,-0.036658506930879076,0.7743654636193477,0.019511650776154146,0.824676010041993,19.0
2026-02-13,-0.13769509736983912,0.8406979314174031,0.3513970483998477,0.8259874022051588,24.0
2026-02-14,-0.6312855381262364,0.7467349084578484,0.7421504917352919,0.48789530382983315,4.0
2026-02-15,0.03448589995832432,0.7625044833385963,0.24802240942701617,0.8979855229600997,8.0
2026-02-16,0.1449649709723809,0.578783020857755,-0.2720034372722054,0.8696528584469465,16.0
2026-02-17,-0.16303403995706775,0.6583003782614851,0.0007136472199185509,0.7556678016402513,17.0
2026-02-18,-0.14763462576921768,0.9456683310780949,0.37894724524675977,1.0121369873696737,12.0
2026-02-19,0.15143687813869824,0.554947025622378,0.38082674990041715,0.8482211589806458,6.0
2026-02-20,0.43302137458948653,0.5928203129337694,0.19041728963095442,1.1825987966630975,8.0
2026-02-21,-0.17486383797566507,0.7592133977827457,0.6300304122890739,0.19075825189301018,5.0
2026-02-22,-0.33553578906555703,0.6124619753981748,0.13922693286390578,0.8630643373327833,9.0
2026-02-23,-0.015078652165853934,0.6560651576066957,0.3210595196848777,0.8410868568928873,10.0
2026-02-24,-0.3071528620042313,0.7954508321831361,0.21969291256520346,0.8674244029889924,13.0
2026-02-25,0.04985149699452396,0.8864283661509541,0.22653244045520698,0.9268112480463715,14.0
2026-02-26,-0.05713812833102204,0.5834629303534108,0.2865083874082332,0.8161035827593428,8.0
2026-02-27,0.37902872137950355,0.6456082263610317,0.18270084417319743,0.9081703584045745,10.0
2026-02-28,0.18451397149613902,0.6194531102820723,0.12569589113065854,0.5823409758130327,6.0
2026-03-01,0.40603223482845,1.2982986077271585,0.6339976265349484,0.6410921907818594,12.0
2026-03-02,-0.3299111090728828,0.3998704686787624,0.08330242040101014,0.8734181783608871,8.0
2026-03-03,0.10262754485953032,1.0103430632885724,-0.24816480630022728,0.8025440635780997,14.0
2026-03-04,0.0003779704965956476,0.6076101618037596,-0.332037249547922,1.6307304471152702,10.0
2026-03-05,0.1825038211060008,1.3815651555978992,-0.1228866463119842,1.1178995028652277,18.0
2026-03-06,0.27423007659683096,1.1334522131549596,0.060307941925017525,1.0425781331495008,9.0
2026-03-07,0.08145975249465236,1.1689728851359351,0.13920880881968745,0.980629156220718,10.0
2026-03-08,0.06637148935039867,0.6315416329936931,0.23878831294728944,0.5731558939626392,7.0
2026-03-09,0.014775108024166714,0.49313182608698053,-0.14470157088364569,0.5789462832777841,6.0
2026-03-10,-0.383724832475052,1.1095785831628842,0.5780717231061357,1.030654154374329,16.0
2026-03-11,0.13613527475327206,0.7306408538934571,0.02984092014182855,0.6336379632314552,7.0
2026-03-12,-0.08039396904259548,0.9268637316132193,0.0021766341081890434,0.9904074435183616,20.0
2026-03-13,-0.10073829525716614,0.8205517053136128,-0.23211697199441444,0.8770935180884263,11.0
2026-03-14,0.5871094883261715,0.8587555653404163,-0.006477086687199003,0.5874543866440631,6.0
2026-03-15,-0.048907083162087875,0.8488418400692718,0.019595166480073666,0.9595074469344435,5.0
2026-03-16,0.2037274770644028,0.9996680665999617,0.27767347396157094,0.9829210015406675,17.0
2026-03-17,-0.04909693877349101,0.8552391329396691,0.3434387236159739,0.8381100378722497,20.0
2026-03-18,0.20815104417056718,1.0951839925087212,0.5446600521513133,0.8955264548561953,9.0
2026-03-19,-0.011934944984841378,1.1132059792865499,0.17351438703993474,0.9665472453619333,11.0
2026-03-20,-0.033325645028562924,0.30278526280347473,0.23459843489236712,0.8724408998554928,6.0
2026-03-21,0.13874442220612868,0.8138214405027452,0.16782911030212294,0.9068347751437192,7.0
2026-03-22,-0.5399695156013556,1.1880314031952919,-0.08406113762648809,1.042007909974358,4.0
2026-03-23,-1.00537028503606,1.230604405841829,0.9971090244269167,1.0408884354515744,5.0
2026-03-24,0.11333395313886806,0.8648509046329675,0.2468810137660623,0.6949856241807363,9.0
2026-03-25,-0.18493671962135297,0.7990874343949266,-0.26179232482649517,0.6244013214961773,8.0
2026-03-26,0.860671865025481,1.3570452052029525,0.12739252105661694,1.308464105354643,6.0
2026-03-27,-0.03253820823450676,0.9621551836582402,0.23896747601481075,0.6702644369059253,4.0
2026-03-28,0.3849089351499947,1.0,0.5661926891694801,1.0,1.0
2026-03-29,0.31973494080165027,0.2540737003009587,0.4327201048473485,0.6021514965010343,3.0
2026-03-30,-0.08582262376670355,0.9332648368659515,0.5964422605361246,1.2000947665475552,5.0
2026-03-31,-0.5493986842334545,1.2686340482063607,-0.20207047943473447,0.652599309195283,3.0
2026-04-01,-0.3739861044061128,1.3626092020362535,0.37605873631542885,1.2830342110261057,6.0
2026-04-02,-0.012934020028033066,0.9868268327667644,0.17465614631280346,1.1478933725238125,11.0
2026-04-03,0.1517766952966369,0.3975363040274131,0.4049016952966369,0.32113066841170107,4.0
2026-04-04,1.2705624663353323,1.6978517223675194,0.6152489191810097,0.10571399229626355,2.0
2026-04-05,-0.5547378541243649,0.2639107231664566,0.2541666666666666,0.8329478274978172,3.0
2026-04-06,-0.10236307428798516,0.8564322907201027,0.006654402294776263,0.724291342263739,4.0
2026-04-07,0.14066843423288133,0.8123091394647745,-0.07867847766685242,0.645058009631097,8.0
2026-04-08,-0.18787002188552565,0.4139497277518587,0.1586261365429809,0.8506109522790796,8.0
2026-04-09,0.2442518470273532,0.8562024914769644,0.23988658691596165,0.7278665632464533,8.0
2026-04-10,0.26221106134562283,1.5548012020669475,0.5129270570726775,0.9745724958579964,9.0
2026-04-11,0.20828077805232528,0.6019943901915815,-0.48008669903985185,1.1326969167828917,6.0
2026-04-12,0.31811258272928133,0.9718384143763317,0.11399775937198026,0.6259138768065032,8.0
2026-04-13,0.5045318464840308,0.8768261979336291,0.30912119886893535,0.9177662099218299,6.0
2026-04-14,0.16534585019728856,0.5778854325904675,0.5347421570093011,0.7409027126536887,9.0
2026-04-15,0.21361522067486785,0.8428917849054536,-0.26273585652181014,0.889349586002347,11.0
2026-04-16,-0.2015076770077549,0.8601699497348166,0.528368880762965,0.686978501433556,16.0
2026-04-17,0.08130063971510687,0.9464777925164951,-0.03641189983263138,0.9198977437038022,8.0
2026-04-18,0.2253193376769104,0.6201982232389631,-0.18111958856550794,0.8818271866450967,17.0
2026-04-19,0.14305792984225454,0.8105676944057637,-0.14758993771828605,0.5716071014315859,8.0
2026-04-20,-0.23965533217002813,0.702945884918175,0.2224151315521345,1.1824664111159717,7.0
2026-04-21,-0.07308735134308576,0.7045740037486304,0.17383375993415023,0.8479276069070008,10.0
2026-04-22,0.41677740677899483,0.7907315077882372,-0.24280001278645907,0.8601765664050192,17.0
2026-04-23,-0.02339608717296394,0.6157104781292927,-0.6251056010696054,0.38019279391820116,10.0
2026-04-24,-0.010304170322553334,0.7635870714303761,0.27734542518548244,1.1405731216930473,16.0
2026-04-25,0.19688328740528213,0.7224511226895172,-0.08559606431082019,0.8820407629544976,11.0
2026-04-26,0.1059997351954796,0.8978825064322647,-0.14004560148062106,0.9222093820056947,11.0
2026-04-27,0.1272883941280129,0.7358147495653772,8.218658013228186e-05,0.9960361641600933,15.0
2026-04-28,-0.318307912896999,0.7752057448114237,-0.027881217229099017,1.006303628937419,16.0
2026-04-29,-0.18878308196118143,0.8152395225560645,0.3145940700752021,0.9368665555766789,12.0
2026-04-30,0.3614842665300781,0.7607420083084049,0.3594117591088657,0.9604150031001284,17.0
2026-05-01,0.35980200234307347,0.7813958841169671,-0.5308880289777592,1.0408277708154343,16.0
2026-05-02,0.35349625927347095,1.064287121515022,-0.22497515921780484,0.8141832496451586,8.0
2026-05-03,0.43829428372601525,0.12882326440208222,0.09317014414252885,0.5878218954654588,3.0
2026-05-04,0.29088868624940856,0.919255526896113,0.030643103460726018,0.8457729204934934,16.0
2026-05-05,0.35177635366770144,1.0787752646524826,-0.14884346863974257,0.919988021616801,13.0
2026-05-06,0.2953395827563467,0.7439604486470702,-0.1266763853620884,1.0362072247472922,10.0
2026-05-07,-0.07577336865802392,0.8104500742789602,0.32750074146382563,0.6030601396096554,11.0
2026-05-08,0.3319253313581506,1.0615022669918799,0.08980597068235649,0.8980903818800146,11.0
2026-05-09,0.11317449282067758,0.5789572014260448,-0.6281595709329547,0.6239263980847116,6.0
2026-05-10,-0.17435069900753988,0.6121102640231,0.5229780027469751,0.23987209385677602,3.0
2026-05-11,-0.30650652058991545,0.6738390830210469,0.1957493546570317,0.6484483005430759,8.0
2026-05-12,0.44338312835442195,1.1318579191141216,0.08905868857926842,1.0099258274910852,8.0
2026-05-13,-0.11960255300856197,0.8643493147934995,0.04172595895880848,0.6816535243601866,12.0
2026-05-14,0.07771944156381076,0.6782828758256332,0.2564491009964779,0.9018663666489265,19.0
2026-05-15,-0.02212986363701706,0.8167488813315178,0.10833122641087714,0.7691090991514268,18.0
2026-05-16,-0.2283075928309287,1.2228735373488397,-0.261308030682342,1.3468208013477843,5.0
2026-05-17,0.4647713954889394,0.9494897496492822,0.9842325435671697,0.9288975911616929,2.0
2026-05-18,0.5212462380671256,0.5764424799515359,-0.290310461808153,0.9235581555494111,10.0
2026-05-19,-0.03049017665268145,1.0107337196803006,-0.27541657843748074,0.81564559164022,14.0
2026-05-20,0.2992303514903902,1.3448125913705424,0.046490227176362614,1.1572539118964198,13.0
2026-05-21,0.12363938582889168,1.1910788815471727,0.09726434506517102,0.7971186024978069,9.0
2026-05-22,-0.04075651861664226,1.171492985288,0.21964063191083066,0.844061956181963,8.0
2026-05-23,0.3682078523543169,0.42446671532196684,0.7323592487976921,0.49331645469118324,2.0
2026-05-24,-0.06552107695196645,0.7276690009913876,0.3662193826920323,0.36366651962454727,6.0
2026-05-25,-0.1442835116059746,1.4455925324152343,-0.11202321970889223,1.130621724740576,9.0
2026-05-26,0.3054710301954002,0.6877678946004988,0.31035053483501607,0.9266529442107353,14.0
2026-05-27,0.2729249116325736,1.2231468470902138,-0.05440771809590422,0.8752666317690159,19.0
2026-05-28,0.3208953577295174,0.40641275485853345,0.03868381283627376,0.8910460131864083,4.0
2026-05-29,0.01459864004713419,1.2201674048414184,0.32506875021694104,0.9784491736058972,13.0
2026-05-30,0.45450520835709823,0.5840285562355526,-0.6347609086035187,0.2890655188945413,3.0
2026-05-31,-0.405824529756986,0.9414776395553169,0.42948683889881556,1.0823599492086549,2.0
2026-06-01,0.7475671366350334,1.1720018918433461,0.09305548635048372,0.4194686460486703,4.0
2026-06-02,0.563896681080647,1.099645406707067,-0.39356007367021256,0.978233215196469,6.0
2026-06-03,-0.11401756042992112,1.0778486018861415,0.21769325064641207,0.9109162987551193,15.0
2026-06-04,-0.4245747668697166,0.9355446231210188,0.12684202285170415,1.0162984997374076,13.0
2026-06-05,0.20482956321719129,1.4730260848839651,-0.1639578051495227,1.1125991037117822,15.0
2026-06-06,0.048173435548446886,2.0379290019560323,0.35904106372610395,0.3888207661926245,5.0
2026-06-07,0.08615261351772038,0.643125291864234,-0.13420141462087015,0.4012592558545211,5.0
2026-06-08,-0.08223123350604683,1.1162925256749203,-0.06487825599845926,0.9082482904638642,2.0
2026-06-09,-0.45061831778406103,0.25538025782119383,-1.3051342467987266,1.1080248314639998,3.0
2026-06-10,-0.04988443984488769,0.9651481676072746,-0.09426944109248922,0.5183108512763226,11.0
2026-06-11,0.07974360458429874,0.6639373527958975,-0.33186399880110945,0.7860678729801102,20.0
2026-06-12,0.46341647397009933,0.8080712757713127,0.4785037104141221,0.5970248821261431,7.0
2026-06-14,0.3443064138745511,1.1775056361199807,-0.08309837549728041,0.9877383267056767,7.0
2026-06-15,0.1567914392870661,0.5302346901743185,0.18264843965086094,0.6438660211035941,10.0
2026-06-16,0.0025478680791166134,0.8716859694841652,-0.07131024416022376,0.7171179322800343,21.0
2026-06-17,-0.04808093666506641,0.9458578777515099,0.10149798165654074,1.288053234838457,9.0
2026-06-18,-0.1376708984767818,0.5988556522590054,-0.43366868122124597,1.1954247026565559,6.0
2026-06-19,-0.17922834600428428,0.8376543879249688,0.10927226560920211,1.76362020249625,4.0
2026-06-20,-0.2711622798862191,0.8324156378113619,0.34980400693313385,1.021446933059994,4.0
2026-06-21,-0.25216804057542724,0.7491282336530481,0.37393273477018923,0.9919058973877222,3.0
2026-06-22,0.1167597357019122,0.44242387262933397,0.3660599072477525,0.5386763064561123,8.0
2026-06-23,0.23082224023978135,0.7980866478743921,0.010289265613129577,0.9508366459710339,12.0
2026-06-24,0.010736148427438629,0.8866984718580369,-0.040156255190141196,1.1873147197802802,19.0
2026-06-25,0.4827868847075628,0.8525177019402073,0.4086527059181755,0.36781365266327476,5.0
2026-06-26,0.28106637349419633,0.9228739248962684,-0.31160521759978094,1.2284416407503602,12.0
2026-06-27,0.33049809832694205,0.3651380555489274,-0.4189560406727746,1.1632737923376029,8.0
2026-06-28,-0.5976829115552826,0.91688880769332,0.26392474370045627,1.4075525802786937,4.0
2026-06-29,-0.158446750171725,0.8909737248892463,-0.16051266884666648,1.2021293878965686,17.0
2026-06-30,0.5652910314938351,0.7141401775032967,0.1387874093109343,0.974181439832881,12.0
2026-07-01,0.012767709384185415,0.7787600511573447,0.5247559869699463,0.7301962118067369,9.0
2026-07-02,0.24084161165933377,0.6339096800077765,-0.28224013432353423,0.7753268270982924,19.0
2026-07-03,0.27702117636539525,0.391673037843726,-0.07660979532696732,0.8761557823505622,17.0
2026-07-04,0.18405567397007624,1.070057046493862,-0.40411796902289215,1.088907122339809,13.0
2026-07-05,0.6978373554589881,0.8371651419389284,0.08595627632671836,0.7790847312944728,9.0
2026-07-06,0.37198845540380054,0.4099342529253966,-0.454927364471257,1.1650712117281856,7.0
2026-07-07,0.3988416385747896,0.8432777364617842,-0.1713836009240904,0.9015073586209772,10.0
2026-07-08,0.38267272151400256,0.791663999836726,0.022050077182516697,1.048167043503103,8.0
2026-07-09,0.3138135030453898,0.7934075935668348,-0.0799429191643407,1.0697297677582567,13.0
2026-07-10,0.09639581119150924,0.9128319937212678,-0.2532567055890023,0.8581016133604807,19.0
2026-07-11,0.21043545172760345,0.901728692391282,-0.3720813059754185,0.8733881295363349,13.0
2026-07-12,1.4291321404339483,0.8616352680606283,0.7288697656647144,1.4602659470392776,3.0
2026-07-13,0.028003530890714376,0.5421300414274409,-0.009104345890006613,0.8639344740758607,9.0
2026-07-14,0.23294162954498088,0.772663772035541,0.1542555088305582,0.7550710346982129,13.0
2026-07-15,-0.17753596286840131,1.0836889055071774,0.5605089871662406,0.9026092828905816,12.0
2026-07-16,0.1309411881439859,0.7583947259116574,0.24714943141283496,0.6601558673705725,11.0
2026-07-17,0.04346041012291586,0.43420784025494097,0.2982639063473067,0.9511094331084688,9.0
2026-07-18,-0.10882921189221045,0.9535033334908278,-0.16266978700420368,0.7748283850289128,2.0
2026-07-19,-0.18461304619632665,0.945532800940208,-0.3673184811253799,0.6945177026135104,7.0
2026-07-20,-0.23387417104046074,0.9711245495395234,0.29144525498851337,1.0040975793094669,8.0
2026-07-21,-0.44689973952839923,0.622144814007585,0.05621702886235319,0.8866142052257748,8.0
2026-07-22,0.2570998585384753,0.9070841075199875,-0.27111605462597527,0.6985420905382729,5.0
2026-07-23,0.07085018554009102,0.9036124301003864,-0.10538523720483882,0.6573569234811685,12.0
2026-07-24,-0.03295366021299745,1.4515164509633205,0.19866172270670837,0.9586503579506878,6.0
2026-07-25,-0.0949615988350643,0.9977359704814296,-0.025885710526070548,0.9295894960700819,13.0
2026-07-26,-0.020884099270102464,0.3293984342166934,0.20468825119843692,0.325066633796742,5.0
2026-07-27,-0.043932855638956235,0.8563209870641555,-0.18100543004363343,0.9056035667928173,6.0
2026-07-28,0.27558815892856686,0.9484417110947548,0.03825553287929014,0.6501147725331538,6.0
2026-07-29,-0.10074272254569618,0.9172776998509063,0.28951831901315744,0.8246750881730371,7.0
2026-07-30,-0.038866698363214484,0.8008696485405014,0.06867935931988581,0.8690196049182713,7.0
2026-07-31,-0.13197458607034537,0.837578329596824,0.5236286772617991,1.2910970225947913,3.0
2026-08-01,0.06828975086577789,0.6721076625849809,-0.5383503406743536,0.2271594799684763,3.0
2026-08-02,0.10083747597527776,0.694308661045029,-0.5186793337292511,0.6601058032705274,8.0
2026-08-03,-0.06611312051336805,1.246400938050869,0.028322546501823576,1.2603442725183986,15.0
2026-08-04,-0.22386795175131186,1.141221881391116,0.08195643590402414,0.8705137147478641,8.0
2026-08-05,0.07407370868062765,1.0612073577104697,-0.3241776081188783,0.8217849446084909,10.0
2026-08-06,0.21206508499796248,1.0189206683978071,0.23800587843936696,0.8912824937113775,12.0
2026-08-07,-0.5392727091963821,0.9249263559936547,0.5204026427377197,0.6368607057375689,9.0
2026-08-08,-0.06491086191455885,0.6454996568049126,-0.30870698343078296,0.7549079494501723,6.0
2026-08-09,-0.11434967501510096,1.0,0.5450822335680108,1.0,1.0
2026-08-10,0.23013920158639364,1.1973773376385546,0.28444063412222725,0.9289011781780814,4.0
2026-08-11,0.12489332384872862,0.773353053249786,-0.5867076747543125,1.2815099785461073,9.0
2026-08-12,-0.2771117299127751,0.8873563306842559,-0.2646152717662613,0.51239479953745,5.0
2026-08-13,0.004599024203959804,1.0126728573197301,0.1635618387849832,0.771443540543443,9.0
2026-08-14,-0.05804061424856668,0.6267324261173907,0.08359505924595843,0.8614257993329452,10.0
2026-08-15,0.032727650613135054,1.1789245862851079,-0.08947461132665105,0.8097144551475407,5.0
2026-08-16,-0.24275599821286303,0.8559960465069304,0.501144349003634,0.28789924079338547,4.0
2026-08-17,-0.3460327824393933,0.9922960733487384,-0.34561739033928773,0.8610425194356783,5.0
2026-08-18,-0.40988512322543247,0.2729136738194405,0.3696359827601386,1.0822270149639073,5.0
2026-08-19,0.15560940114336708,0.589402015887028,-0.3024621589036612,0.5453065101810349,8.0
2026-08-20,-0.06330450854074769,0.2816192224115285,0.35611704118683263,0.4081468883178271,3.0
2026-08-21,-0.35990472868487544,0.7888272518938085,0.12752480244606554,1.3662801174941936,5.0
2026-08-22,0.6800001244963833,1.1600103753577193,-0.2147431785922072,0.9373034396557122,7.0
2026-08-23,-0.33952888171345763,0.7041953957806736,0.09381194359635144,0.9471028704171556,8.0
2026-08-24,0.619125399821342,0.8005793634747973,-0.1417080934338367,0.654668045848978,2.0
2026-08-25,0.1081666100734057,0.2018630417116704,0.07404802206386037,0.38577832901270037,4.0
2026-08-26,0.16730380525821126,1.236339805260146,-1.1067609790513366,2.7546432091315816,2.0
2026-08-27,0.04324677843963106,0.6381796684773948,-0.7414389428223708,0.7123504715472031,8.0
2026-08-28,0.4934761886010327,0.8475345720647615,-0.7253395448926563,1.3932790424765056,8.0
2026-08-29,-0.48843975446994997,1.2354614351203768,0.4764204832412046,0.13045959276829217,3.0
2026-08-30,0.16363884690883124,1.0733790821442977,-1.1490621817067421,1.8905138416038005,4.0
2026-08-31,0.3964313371382963,1.5334262039071098,-0.9325433668339841,0.8751923196996194,6.0
2026-09-01,-0.0750135252664375,1.4185578470240114,-0.28946655062362353,0.8064522384629428,6.0
2026-09-02,-0.4809705579952813,0.6392351753271562,0.005448084395427233,0.9931085045102147,5.0
2026-09-03,-0.6244901318027228,1.0,-1.1420039170229155,1.0,1.0
2026-09-04,-0.3382084349713354,0.20324851390628826,0.0266065628229298,0.19845614339703885,2.0
2026-09-05,0.7071067811865475,1.1102230246251565e-16,-1.1102230246251565e-16,1.0000000000000002,2.0
2026-09-06,0.5639733268100461,1.0,-1.0640836646999376,1.0,1.0
2026-09-07,-1.04729441191655,1.0,2.242704593745642,1.0,1.0
2026-09-09,0.7071067811865454,1.0,0.7071067811865377,1.0,1.0
