,phrase,label,sentiment,subjectivity,language,count
US,,,,,,
U.S.,,,,,,
Arctic,,,,,,
India,,,,,,
Florida,,,,,,
UK,,,,,,
Delhi,,,,,,
Europe,,,,,,
Earth,,,,,,
Ukraine,,,,,,
New York City,,,,,,
Russia,,,,,,
the United States,,,,,,
Canada,,,,,,
Kashmir,,,,,,
China,,,,,,
Texas,,,,,,
Northeast,,,,,,
New York,,,,,,
Kyiv,,,,,,
Australia,,,,,,
Germany,,,,,,
Toronto,,,,,,
Gaza,,,,,,
California,,,,,,
NYC,,,,,,
England,,,,,,
London,,,,,,
Midwest,,,,,,
America,,,,,,
Atlantic,,,,,,
arctic,,,,,,
Ontario,,,,,,
Iran,,,,,,
North America,,,,,,
United States,,,,,,
Brooklyn,,,,,,
Chicago,,,,,,
Iceland,,,,,,
Israel,,,,,,
Colorado,,,,,,
Mars,,,,,,
Antarctica,,,,,,
Britain,,,,,,
Chennai,,,,,,
France,,,,,,
the East Coast,,,,,,
the Western Cape,,,,,,
the Eastern Cape,,,,,,
Queensland,,,,,,
New Jersey,,,,,,
North India,,,,,,
Greece,,,,,,
Srinagar,,,,,,
Alaska,,,,,,
Jharkhand,,,,,,
Rajasthan,,,,,,
Los Angeles,,,,,,
Minneapolis,,,,,,
Jupiter,,,,,,
U.S,,,,,,
Paris,,,,,,
Punjab,,,,,,
Tennessee,,,,,,
Mississippi,,,,,,
Minnesota,,,,,,
Hyderabad,,,,,,
Kolkata,,,,,,
Louisiana,,,,,,
Central Florida,,,,,,
Alberta,,,,,,
El Paso,,,,,,
Eastern Cape,,,,,,
Georgia,,,,,,
Miami,,,,,,
Delhi-NCR,,,,,,
New Mexico,,,,,,
South,,,,,,
Antarctic,,,,,,
Lancaster County,,,,,,
Ireland,,,,,,
Boston,,,,,,
West,,,,,,
Greenland,,,,,,
Maharashtra,,,,,,
Madhya Pradesh,,,,,,
Houston,,,,,,
Quebec,,,,,,
Massachusetts,,,,,,
North Carolina,,,,,,
Philadelphia,,,,,,
Sweden,,,,,,
Northern Cape,,,,,,
Arizona,,,,,,
Haryana,,,,,,
Pune,,,,,,
Atlanta,,,,,,
Moscow,,,,,,
Va.,,,,,,
Ohio,,,,,,
Michigan,,,,,,
Western Cape,,,,,,
South Island,,,,,,
Uttar Pradesh,,,,,,
Noida,,,,,,
Scotland,,,,,,
WASHINGTON,,,,,,
Edmonton,,,,,,
Japan,,,,,,
Utah,,,,,,
Washington,,,,,,
Fla.,,,,,,
Indiana,,,,,,
El Niño,,,,,,
Queens,,,,,,
the Great Lakes,,,,,,
Türkiye,,,,,,
Calif.,,,,,,
ISTANBUL,,,,,,
New England,,,,,,
Dublin,,,,,,
Valley,,,,,,
Rockies,,,,,,
Alabama,,,,,,
Denmark,,,,,,
Cuba,,,,,,
the North Atlantic,,,,,,
Tamil Nadu,,,,,,
Guwahati,,,,,,
Gurgaon,,,,,,
the Polar Vortex,,,,,,
Cape Town,,,,,,
FINDLAY,,,,,,
Manitoba,,,,,,
New Zealand's,,,,,,
East Coast,,,,,,
Madrid,,,,,,
Asia,,,,,,
Missouri,,,,,,
South Dakota State,,,,,,
Illinois,,,,,,
the Gaza Strip,,,,,,
Siberia,,,,,,
Amsterdam,,,,,,
Silicon Valley,,,,,,
Mongolia,,,,,,
Chandigarh,,,,,,
Maryland,,,,,,
West Bengal,,,,,,
Lake Michigan,,,,,,
New Zealand,,,,,,
Telangana,,,,,,
Italy,,,,,,
Vancouver,,,,,,
Himachal,,,,,,
Kentucky,,,,,,
Carolinas,,,,,,
Heartland,,,,,,
Hong Kong,,,,,,
valley,,,,,,
San Francisco,,,,,,
South Florida,,,,,,
Mid-Atlantic,,,,,,
turkey,,,,,,
Afghanistan,,,,,,
Oklahoma,,,,,,
Virginia,,,,,,
Wales,,,,,,
Manhattan,,,,,,
Nashville,,,,,,
Western Europe,,,,,,
Wis.,,,,,,
Nevada,,,,,,
Shawnee,,,,,,
Ottawa,,,,,,
Lake Erie,,,,,,
Norway,,,,,,
Chhattisgarh,,,,,,
Miamisburg,,,,,,
Kamrup Metropolitan,,,,,,
Hakone,,,,,,
Puducherry,,,,,,
Midtown Beach,,,,,,
Southwest,,,,,,
Pacific,,,,,,
Thunder Bay,,,,,,
Kiev,,,,,,
NEW DELHI,,,,,,
Istanbul,,,,,,
NEW YORK,,,,,,
Edgewater,,,,,,
Andhra Pradesh,,,,,,
Assam,,,,,,
SYDNEY,,,,,,
B.C.,,,,,,
KwaZulu-Natal,,,,,,
Green Bay,,,,,,
NY,,,,,,
Kansas,,,,,,
Cape Point,,,,,,
Concordia,,,,,,
spain,,,,,,
Gulf coast,,,,,,
N.Y.,,,,,,
Kingston,,,,,,
Prairies,,,,,,
Great Lakes,,,,,,
Neptune,,,,,,
Dallas,,,,,,
Poland,,,,,,
Wisconsin,,,,,,
Orlando,,,,,,
Venezuela,,,,,,
TX,,,,,,
Portland,,,,,,
South Carolina,,,,,,
Mumbai,,,,,,
Belleville,,,,,,
New Delhi,,,,,,
DALLAS,,,,,,
Taiwan,,,,,,
Nigeria,,,,,,
New Brunswick,,,,,,
Crete,,,,,,
Cheyenne Mountain,,,,,,
Fresno,,,,,,
Mexico,,,,,,
Berlin,,,,,,
Montana,,,,,,
East,,,,,,
ATLANTA,,,,,,
Switzerland,,,,,,
Southern California,,,,,,
the Northern Hemisphere,,,,,,
the East Antarctic Plateau,,,,,,
Brazil,,,,,,
the Atlantic Ocean,,,,,,
the Northern Cape,,,,,,
Connecticut,,,,,,
Wellington,,,,,,
Colombia,,,,,,
the Hudson River,,,,,,
Spain,,,,,,
Bitcoin,,,,,,
PARIS,,,,,,
Finland,,,,,,
Beijing,,,,,,
South Australia,,,,,,
South Texas,,,,,,
GREEN BAY,,,,,,
DC,,,,,,
Eurasia,,,,,,
the Gulf of Mexico,,,,,,
Europa,,,,,,
Himalayas,,,,,,
Iowa,,,,,,
New York State,,,,,,
Charlotte,,,,,,
Saskatchewan,,,,,,
San Diego,,,,,,
Sask,,,,,,
Melbourne,,,,,,
melbourne,,,,,,
eastern Ontario,,,,,,
Somerset,,,,,,
WEST JORDAN,,,,,,
the Pacific Ocean,,,,,,
dayslong,,,,,,
New South Wales,,,,,,
DELRAY BEACH,,,,,,
Vagabond Haven,,,,,,
Lancaster,,,,,,
Southeastern Australia,,,,,,
the east coast,,,,,,
North Island,,,,,,
east coast,,,,,,
New Hampshire,,,,,,
Browning,,,,,,
Kauai County,,,,,,
Qld,,,,,,
Western Canada,,,,,,
HONOLULU,,,,,,
Detroit,,,,,,
Serbia,,,,,,
North Texas,,,,,,
Atlantic Canada,,,,,,
Maritimes,,,,,,
the City of Côte Saint-Luc,,,,,,
Wyoming,,,,,,
New Jersey's,,,,,,
Tampa,,,,,,
USA,,,,,,
New York City's,,,,,,
Nizhny Novgorod,,,,,,
KHON2,,,,,,
GRASS VALLEY,,,,,,
Kanagawa Prefecture,,,,,,
Kanchanpur,,,,,,
San Marcos,,,,,,
Jammu,,,,,,
Kerala,,,,,,
Himachal Pradesh,,,,,,
Kandhamal,,,,,,
Palm Beach,,,,,,
NEW ORLEANS,,,,,,
Bihar,,,,,,
MEMPHIS,,,,,,
EL PASO,,,,,,
Tenn.,,,,,,
Borderland,,,,,,
Jackrabbits,,,,,,
Pensacola,,,,,,
Northern Iowa,,,,,,
I.A.,,,,,,
Yakutsk,,,,,,
Maine,,,,,,
D.C.,,,,,,
Io,,,,,,
the Southern Ocean,,,,,,
Plettenberg Bay,,,,,,
the South Island,,,,,,
Walthamstow,,,,,,
SA,,,,,,
Copenhagen,,,,,,
BEIJING,,,,,,
Gulf,,,,,,
Nanyang city,,,,,,
Jets,,,,,,
Miss.,,,,,,
the Rust Belt,,,,,,
GLASGOW,,,,,,
North Georgia,,,,,,
Sand,,,,,,
Hokkaido,,,,,,
Riverdale NY,,,,,,
Stonecrop Gardens,,,,,,
Cold Springs,,,,,,
Karnataka,,,,,,
Moon,,,,,,
Aegean,,,,,,
Tru Grit,,,,,,
Desert Plunge,,,,,,
CALGARY,,,,,,
Indus,,,,,,
Pluto,,,,,,
Live)06,,,,,,
midwest,,,,,,
SHREVEPORT,,,,,,
Lost Lake,,,,,,
Delaware,,,,,,
Islamabad,,,,,,
South Korea,,,,,,
Prague,,,,,,
Cleveland,,,,,,
massachusetts,,,,,,
the Strait of Hormuz,,,,,,
Tehran,,,,,,
San Antonio,,,,,,
Canoe Bay Village,,,,,,
Nova Scotia,,,,,,
Romania,,,,,,
the U.S. Southwest,,,,,,
Phoenix,,,,,,
Philippines,,,,,,
Limpopo,,,,,,
Tourtour,,,,,,
Denver,,,,,,
Wiltshire,,,,,,
Nebraska,,,,,,
Venus,,,,,,
Victoria,,,,,,
Perth,,,,,,
Seattle,,,,,,
Hungary,,,,,,
Indonesia,,,,,,
the Gulf Coast,,,,,,
Vermont,,,,,,
Suffolk,,,,,,
Newfoundland,,,,,,
Mount Rushmore,,,,,,
the West Coast,,,,,,
La.,,,,,,
Columbus,,,,,,
Red Hook,,,,,,
the Eastern Seaboard,,,,,,
The United States,,,,,,
North Pacific,,,,,,
Morocco,,,,,,
Bronx,,,,,,
Calgary,,,,,,
Milwaukee,,,,,,
West Asia,,,,,,
Iraq,,,,,,
Liverpool,,,,,,
Nilgiris,,,,,,
Mediterranean,,,,,,
Munnar,,,,,,
Cold Lake,,,,,,
Nepal,,,,,,
the Gulf Stream,,,,,,
Pennsylvania,,,,,,
Northern California,,,,,,
North Sea,,,,,,
the United States',,,,,,
Alps,,,,,,
Alta.,,,,,,
New Orleans,,,,,,
BROOKLYN,,,,,,
Milky Way,,,,,,
minnesota,,,,,,
Las Vegas,,,,,,
Catskills,,,,,,
the Treasure Coast,,,,,,
North Atlantic,,,,,,
the Tuul River,,,,,,
Netherlands,,,,,,
Cumberland,,,,,,
Mono,,,,,,
Mustang,,,,,,
Floridas,,,,,,
the Colorado River,,,,,,
Marco Polo,,,,,,
SAN JOSE,,,,,,
BUDAPEST,,,,,,
Plymouth Rock,,,,,,
LA,,,,,,
the Czech Republic,,,,,,
Rocky Mountains,,,,,,
the Elk River,,,,,,
Kyoto Prefecture,,,,,,
Cotswolds,,,,,,
PHILADELPHIA,,,,,,
Indianapolis,,,,,,
Idaho,,,,,,
Southern Nevada,,,,,,
LAS VEGAS,,,,,,
Mediterranean Sea,,,,,,
Croatia,,,,,,
Kansas City,,,,,,
Eastern Seaboard,,,,,,
ORLANDO,,,,,,
Designo Porcelain,,,,,,
Riyadh,,,,,,
Peterborough,,,,,,
the Apuseni mountains,,,,,,
Santa Barbara,,,,,,
East Coasters,,,,,,
Arabica,,,,,,
Ipanema Sand,,,,,,
the Sarchina Villa,,,,,,
Lucknow,,,,,,
Ore.,,,,,,
Ghaziabad,,,,,,
South Wales,,,,,,
Salt Lake City,,,,,,
Ticino,,,,,,
GNSS,,,,,,
Indias,,,,,,
Benfica,,,,,,
Indian Ocean,,,,,,
TICONDEROGA,,,,,,
Sydney,,,,,,
Pembroke,,,,,,
Scandinavia,,,,,,
Chengdu,,,,,,
the Gobi Desert,,,,,,
North Africa,,,,,,
ANAHEIM,,,,,,
the City of Edmonton,,,,,,
Stirling,,,,,,
the Same Area,,,,,,
the IceAge Ecosystem,,,,,,
the Arctic Circle,,,,,,
Pacific Northwest,,,,,,
Manchester,,,,,,
North-South,,,,,,
TN,,,,,,
Bristol Bay,,,,,,
Ala.,,,,,,
MADISON,,,,,,
Banff,,,,,,
North Alabama,,,,,,
Knoxville,,,,,,
Dorset,,,,,,
Southeast,,,,,,
Ivory,,,,,,
Everest,,,,,,
the Northern Tier,,,,,,
Callander,,,,,,
Karjat,,,,,,
Lugano,,,,,,
Oregon,,,,,,
East Antarctica,,,,,,
NC,,,,,,
Underground,,,,,,
Ladakh,,,,,,
Luton,,,,,,
Shimla,,,,,,
West Yorkshire,,,,,,
Chesapeake Bay,,,,,,
Md.,,,,,,
Annapolis,,,,,,
RCMP,,,,,,
the Black Sea,,,,,,
Cape Canaveral,,,,,,
East Antarctic,,,,,,
East London,,,,,,
Cougars,,,,,,
VfB Stuttgart,,,,,,
Mount Rainier,,,,,,
Palm Springs,,,,,,
Sahara,,,,,,
Laghouat,,,,,,
Lukes,,,,,,
the Great Plains,,,,,,
N.J.,,,,,,
Bangladesh,,,,,,
ZIKV,,,,,,
Peru,,,,,,
the Arctic Ocean,,,,,,
moon Europa,,,,,,
Saskatoon,,,,,,
Aberdeenshire,,,,,,
Cyprus,,,,,,
Boyle Heights,,,,,,
northcote,,,,,,
Lumentum,,,,,,
Mukalla,,,,,,
Corning,,,,,,
Yemen,,,,,,
Colo.,,,,,,
COLORADO SPRINGS,,,,,,
Holland Park,,,,,,
Western Australia,,,,,,
Kenya,,,,,,
Shenyang,,,,,,
Ulaanbaatar,,,,,,
Mass.,,,,,,
Leeds,,,,,,
Guyana,,,,,,
Yukon,,,,,,
Nilgiri Mountains,,,,,,
Helsinki,,,,,,
Davos,,,,,,
Beaufort,,,,,,
Tucson,,,,,,
British Columbia,,,,,,
Northern Canada,,,,,,
Lake Lugano,,,,,,
Arkansas,,,,,,
Hawaii,,,,,,
switzerland,,,,,,
Harbin,,,,,,
Kalispell,,,,,,
Vietnam,,,,,,
Kotagiri,,,,,,
Neffsville,,,,,,
Devín Castle,,,,,,
Coldest Densest Ocean Water,,,,,,
TechArt lowering springs,,,,,,
the Weddell Sea,,,,,,
The North Atlantic,,,,,,
ALBANY,,,,,,
the Ross Sea,,,,,,
the Zlatý Roh vineyards,,,,,,
East Asia,,,,,,
Slovakia,,,,,,
Magic Kingdom,,,,,,
the Upper Midwest,,,,,,
Crosby,,,,,,
Oak Ridges,,,,,,
Unsplash,,,,,,
Jefferson,,,,,,
Richmond Hill,,,,,,
Pittsburgh,,,,,,
HONG KONG,,,,,,
Gettysburg,,,,,,
Manor,,,,,,
Aphex Twin,,,,,,
GT Biopharma,,,,,,
HAMBURG,,,,,,
Ljubljana,,,,,,
Mayfair,,,,,,
Nashua,,,,,,
Beige Dakota,,,,,,
Socorro,,,,,,
KHA,,,,,,
Gray Montana,,,,,,
Canberra Beige Dakota,,,,,,
serbia,,,,,,
Santa Cruz’s,,,,,,
Soviet Republic,,,,,,
Ramsey,,,,,,
Svalbard,,,,,,
Chancellorsville,,,,,,
Richmond,,,,,,
Wixom,,,,,,
Hampstead Heath,,,,,,
El Nino,,,,,,
SAN FRANCISCO,,,,,,
Korea,,,,,,
Leyden,,,,,,
Ipswich,,,,,,
Japans,,,,,,
Sigmond,,,,,,
souther,,,,,,
Titanic,,,,,,
Unheated Florida Warehouse,,,,,,
Long Island,,,,,,
TALLAHASSEE,,,,,,
Kodiak Salmon Runs,,,,,,
Kodiak Island,,,,,,
Bermuda,,,,,,
Dexter Lawrence,,,,,,
U.K.,,,,,,
mediterranean,,,,,,
Miyamas Kitamura,,,,,,
River Island,,,,,,
Love Island,,,,,,
Boca Chica Beach,,,,,,
Alaskas,,,,,,
Covington,,,,,,
TOKYO,,,,,,
Central Otago,,,,,,
Albany,,,,,,
Garden State,,,,,,
Tarras,,,,,,
Artemis,,,,,,
Nopales,,,,,,
Avalon,,,,,,
Susquehanna,,,,,,
impactsup,,,,,,
Anchorage,,,,,,
Canterbury,,,,,,
Otago,,,,,,
Kadukutty Village,,,,,,
Thrissur,,,,,,
Alto Minho,,,,,,
Channelized,,,,,,
Mexico City,,,,,,
Anaheim,,,,,,
Geelong,,,,,,
Pawnee County,,,,,,
Africa,,,,,,
United States of America,,,,,,
Aya Nagar,,,,,,
the Surfers Paradise Esplanade,,,,,,
Kharkiv,,,,,,
girona,,,,,,
Girona,,,,,,
Barefoot,,,,,,
Chelmsford,,,,,,
Kentucky Derby,,,,,,
Burlington,,,,,,
BORK!BORK!BORK,,,,,,
Correntina,,,,,,
the South Bronx,,,,,,
Labrador,,,,,,
Sudan,,,,,,
Middle East,,,,,,
Karaikal,,,,,,
Southern India,,,,,,
S04E16,,,,,,
Coast,,,,,,
Habitable Zone,,,,,,
Kashmirs,,,,,,
Dragon Ball,,,,,,
WWI,,,,,,
Dome Fuji,,,,,,
Garden States,,,,,,
Hormuz,,,,,,
the Middle East,,,,,,
Beirut,,,,,,
Greenwich,,,,,,
Lebanon,,,,,,
Western,,,,,,
Palamu,,,,,,
Europes,,,,,,
Spains,,,,,,
Kansas City Area Transit Authority,,,,,,
Bannock mountain,,,,,,
Strait,,,,,,
Midwes,,,,,,
Western Australia's,,,,,,
Zealand,,,,,,
AI,,,,,,
the Denmark Strait,,,,,,
the Nordic Seas,,,,,,
Juno,,,,,,
Jupiters moon Io,,,,,,
RV,,,,,,
South Windsor,,,,,,
San Diego County's,,,,,,
South Carolinas,,,,,,
South Australia's,,,,,,
Riverland,,,,,,
moon Io,,,,,,
Jupiters moon,,,,,,
Coral Red,,,,,,
Med,,,,,,
New York's,,,,,,
Missouris,,,,,,
BATANGAS PROVINCE,,,,,,
PHILIPPINES,,,,,,
Noyal-sur-Vilaine,,,,,,
Ghana,,,,,,
Quezon,,,,,,
insulat,,,,,,
the Soviet Union,,,,,,
The United States of America,,,,,,
Midlands,,,,,,
Andromeda,,,,,,
Red Scare,,,,,,
Roman,,,,,,
Kordun,,,,,,
Northern Virginia,,,,,,
Ballsbridge,,,,,,
Bose,,,,,,
The New Republic,,,,,,
Munster,,,,,,
a Distant Hot Jupiter,,,,,,
Mont.,,,,,,
Santa,,,,,,
Santa Cruz,,,,,,
Upp…,,,,,,
Vale,,,,,,
Lancashire,,,,,,
Taal Volcano,,,,,,
Southern Ocean,,,,,,
the South Carolina Legislature,,,,,,
Kuril Islands,,,,,,
the Cook Inlet,,,,,,
Homer,,,,,,
Triton,,,,,,
the North Island,,,,,,
Tianwen-1,,,,,,
Persia,,,,,,
Shackleton Crater,,,,,,
Whakatāne,,,,,,
Atlantic Basin,,,,,,
South Brooklyn,,,,,,
Red Ho,,,,,,
the South Salt Lake Community Center,,,,,,
the Galapagos Islands,,,,,,
Bharatpur,,,,,,
West Lafayette,,,,,,
LAFAYETTE,,,,,,
Mount Lindesay,,,,,,
Clyde Mountain,,,,,,
the Mount Lindesay Highway,,,,,,
Qatar,,,,,,
PENNSYLVANIA,,,,,,
Taipei,,,,,,
PITTSBURGH,,,,,,
SAVANNAH,,,,,,
Bluefield,,,,,,
West Virginia,,,,,,
Mount Hawthorn,,,,,,
Pikes Peak,,,,,,
the Mississippi Valley,,,,,,
Dunedin,,,,,,
the South Island's,,,,,,
bitcoin,,,,,,
Mukallas beaches,,,,,,
Central Highlands,,,,,,
the West Village,,,,,,
Milwaukie,,,,,,
Rotorua,,,,,,
Sicily,,,,,,
Los … Links,,,,,,
Famagusta,,,,,,
Bengaluru,,,,,,
disrup,,,,,,
roc,,,,,,
Tasmania,,,,,,
Philly,,,,,,
Colorado Springs,,,,,,
west London,,,,,,
north Kensington,,,,,,
Escondido,,,,,,
Crimea,,,,,,
the Diamantina Zone,,,,,,
"Kukert, H.",,,,,,
Wheatcroft,,,,,,
Jumars,,,,,,
Deming,,,,,,
NZ,,,,,,
the Upper Mississippi Valley,,,,,,
the Atlantic Coast,,,,,,
Olympia,,,,,,
Washingto,,,,,,
Florence,,,,,,
Shreveport,,,,,,
Lloyd Park,,,,,,
The Gulf Stream,,,,,,
Staten Island,,,,,,
D-Calif,,,,,,
Lahaul,,,,,,
Salvador,,,,,,
Astana,,,,,,
Earth Planet,,,,,,
Americ,,,,,,
Colorado River,,,,,,
Pickles,,,,,,
Bracklinn Falls,,,,,,
St…,,,,,,
Stratford,,,,,,
Orleans,,,,,,
Spiti district,,,,,,
Torquay,,,,,,
polle,,,,,,
Chinas,,,,,,
bec,,,,,,
the South Afri…,,,,,,
Lightfield,,,,,,
Christi,,,,,,
Northern Territory,,,,,,
Alice Springs,,,,,,
Reykjavík,,,,,,
Trum,,,,,,
ThermoWood,,,,,,
Vagabond Haven's,,,,,,
Rockstar,,,,,,
Rome,,,,,,
Crewe,,,,,,
Knutsford,,,,,,
Cheshire,,,,,,
Berks,,,,,,
MIAMI GARDENS,,,,,,
FLORIDA,,,,,,
Uruguay,,,,,,
Cabo Verde,,,,,,
Miami Gardens,,,,,,
United Kingdom,,,,,,
Clifton,,,,,,
Czech Republic,,,,,,
BERLIN,,,,,,
Africas,,,,,,
Fermi sea,,,,,,
Bolte,,,,,,
Coney Island,,,,,,
Edmonton Alberta,,,,,,
Lake P,,,,,,
The Colorado River,,,,,,
the Big Bang,,,,,,
Cordova,,,,,,
Santa Clarita,,,,,,
Burbank,,,,,,
Simpsonville,,,,,,
Madagascar,,,,,,
Ozark,,,,,,
Mpumalanga,,,,,,
Malmö,,,,,,
Wilmington,,,,,,
Hydragun,,,,,,
James Bay,,,,,,
Ice Barrel,,,,,,
Championsh,,,,,,
Storage ALEXANDRIA,,,,,,
ALEXANDRIA,,,,,,
the United St…,,,,,,
Xiamen,,,,,,
Ga.,,,,,,
Woodstock,,,,,,
Palm Beach's,,,,,,
U.S. East,,,,,,
LNG,,,,,,
Montreal,,,,,,
Atlant,,,,,,
Spaceport,,,,,,
Northern Indiana,,,,,,
Lincoln Lodge,,,,,,
West Vir,,,,,,
Saratoga Spa State,,,,,,
Saratoga,,,,,,
the Great Lakes region,,,,,,
Sander,,,,,,
Purdue,,,,,,
Burma,,,,,,
South Africa,,,,,,
North,,,,,,
Eastern Plains,,,,,,
FARGO,,,,,,
Denver City,,,,,,
Hoosier,,,,,,
Building Americas,,,,,,
Dam Battlegrounds,,,,,,
KABUL,,,,,,
The City of Dawson Creek,,,,,,
AZ,,,,,,
Albuquerque,,,,,,
Eastern Canada,,,,,,
Mačvanska Mitrovica,,,,,,
Desnianskyi,,,,,,
Candleberry,,,,,,
Flux,,,,,,
emirates,,,,,,
Amritsar,,,,,,
The United Arab Emirates,,,,,,
Shanghai,,,,,,
UAE,,,,,,
the Sava River,,,,,,
Earth ocean,,,,,,
New Africa,,,,,,
Washington DC,,,,,,
Upper Midwest,,,,,,
Plains,,,,,,
Gaza Strip,,,,,,
Venice,,,,,,
Central Texas,,,,,,
Fort Worth,,,,,,
Brussels,,,,,,
Siloam,,,,,,
the Kiskatinaw River,,,,,,
Pradesh,,,,,,
Egypts,,,,,,
Dawson Creek,,,,,,
Canarsie,,,,,,
Schisandra,,,,,,
North Mississippi,,,,,,
Gravestown,,,,,,
BELZONI,,,,,,
the U.S. South,,,,,,
oscillationsrecurring,,,,,,
Kremlin,,,,,,
Southern U.S,,,,,,
Myrtle Beach,,,,,,
Horry County,,,,,,
New Jers,,,,,,
TAMPA,,,,,,
The City of Edmonton,,,,,,
CAPE CANAVERAL,,,,,,
new moon,,,,,,
Eastern United States,,,,,,
Fe,,,,,,
Lapland,,,,,,
Pa.,,,,,,
Eastern US,,,,,,
expe,,,,,,
Texass,,,,,,
Kurland,,,,,,
the American East,,,,,,
Jacobean,,,,,,
Cherokee County,,,,,,
SHAWNEE,,,,,,
Okla.,,,,,,
Evansville,,,,,,
Tri-State,,,,,,
Ont.,,,,,,
Fort,,,,,,
the Kuiper Belt,,,,,,
Particip,,,,,,
the Southeast United States,,,,,,
Alpine ven,,,,,,
Oakhurst,,,,,,
Central Valley,,,,,,
Sondhi,,,,,,
arctic air,,,,,,
West coast,,,,,,
NFC South,,,,,,
Central Park,,,,,,
Sonamarg,,,,,,
Sputnik,,,,,,
torrenti,,,,,,
Strapazzon,,,,,,
Jomhouri,,,,,,
Honduras,,,,,,
Panther Lake,,,,,,
UP,,,,,,
Northern Ireland,,,,,,
Sacramento,,,,,,
Pfrender ME,,,,,,
Hamburg,,,,,,
Lahti,,,,,,
southwest England,,,,,,
Bay Area,,,,,,
the Bay Area,,,,,,
Marin,,,,,,
Sonoma,,,,,,
San Mateo,,,,,,
tRNAs,,,,,,
Orthologue,,,,,,
S. et al,,,,,,
Casablanca,,,,,,
Rochester,,,,,,
Arctic Ocean,,,,,,
Faro,,,,,,
the Mid-South,,,,,,
Siaya County,,,,,,
Kadenge Ratuoro,,,,,,
Ho Chi Minh City,,,,,,
Vernate,,,,,,
Guwahati Schools,,,,,,
Southern New Mexico,,,,,,
Athens,,,,,,
Evia,,,,,,
Darjeeling,,,,,,
WWII,,,,,,
The Soviet Union,,,,,,
USSR,,,,,,
Northwest,,,,,,
Indore,,,,,,
Central,,,,,,
Ulster,,,,,,
Connacht,,,,,,
Sunshine States,,,,,,
Strip,,,,,,
Leicestershire,,,,,,
Nottinghamshire,,,,,,
Scunthorpe,,,,,,
York City,,,,,,
SCHIPHOL,,,,,,
fl,,,,,,
King Kong Bund,,,,,,
the Bay of Bengal,,,,,,
"Fannin, Union",,,,,,
the Sea of Japan coast,,,,,,
HOKKAIDO,,,,,,
NCR,,,,,,
Adelaide,,,,,,
Temperatures Plunge,,,,,,
Carolina,,,,,,
Ooty,,,,,,
Eastern India,,,,,,
Dal Lake,,,,,,
Ranchi Hospitals,,,,,,
Oman,,,,,,
Gumla,,,,,,
Pulwama town,,,,,,
Pulwama,,,,,,
El Paso County,,,,,,
Macon,,,,,,
Ukraines Kyiv,,,,,,
Ionian Seas,,,,,,
Attica,,,,,,
Jessie Ventura,,,,,,
temperat,,,,,,
Valle,,,,,,
Bears,,,,,,
Mississippi Valley,,,,,,
Pakistan,,,,,,
Punjabs,,,,,,
St Lawrence River,,,,,,
Whitehorse,,,,,,
Saint-Augustin-de-Desmaur,,,,,,
Financial District,,,,,,
Bay of Bengal,,,,,,
U.S.A.,,,,,,
Rhode Island,,,,,,
Gower Peninsula,,,,,,
Marmut E,,,,,,
Northern Irel,,,,,,
earth,,,,,,
TORONTO,,,,,,
Hudson,,,,,,
the Union Territory,,,,,,
Zheng,,,,,,
the North East,,,,,,
Vall,,,,,,
the Big Island,,,,,,
Lake Huron,,,,,,
payette,,,,,,
Goodison Park,,,,,,
West Coast,,,,,,
greenhou,,,,,,
Fitzroy,,,,,,
Project Leyden’s,,,,,,
Santa Claus,,,,,,
Adriatic,,,,,,
Oahus,,,,,,
Jupi,,,,,,
Point Lepreau,,,,,,
Skagit Valley,,,,,,
Washingtons,,,,,,
Cold ocean,,,,,,
Palm Beach County,,,,,,
Ark-Shelter,,,,,,
Silicon Valleys,,,,,,
Zodiac,,,,,,
Torrential,,,,,,
Havana,,,,,,
the Northern hemisphere,,,,,,
Baltimore,,,,,,
west coast,,,,,,
the High Plains,,,,,,
Eastern Oklahoma,,,,,,
Tulsa,,,,,,
Woodbridge,,,,,,
The Indian Ocean,,,,,,
Des Moines,,,,,,
Turkey,,,,,,
lake harriet,,,,,,
minneapolis,,,,,,
"the Ice
",,,,,,
Conn.,,,,,,
nonreciprocal valley,,,,,,
Pangong Lake,,,,,,
Indo,,,,,,
the Indian Ocean,,,,,,
Barclay,,,,,,
Sri Lanka,,,,,,
HARTFORD,,,,,,
CANCUN,,,,,,
BLOOMINGTON,,,,,,
Fiordland,,,,,,
Westland,,,,,,
the United Kingdom,,,,,,
the Milky Way,,,,,,
the Atacama L,,,,,,
et al,,,,,,
West Texas,,,,,,
St. Louis,,,,,,
Panhandle,,,,,,
MINNEAPOLIS,,,,,,
Brooklyn Cyclones,,,,,,
Taigun,,,,,,
Sauchen,,,,,,
Sligo,,,,,,
ST,,,,,,
PETERSBURG,,,,,,
comparis,,,,,,
DELHI,,,,,,
AUGUSTA,,,,,,
the Suffolk Landscape,,,,,,
Vrije Universiteit Amsterdam,,,,,,
Amsterdam UMC,,,,,,
New Providence,,,,,,
Leitrim,,,,,,
DENVER,,,,,,
six</li,,,,,,
Monaghan,,,,,,
Donegal,,,,,,
Cavan,,,,,,
Snow-Ice,,,,,,
the Scottish Highlands,,,,,,
Jordan,,,,,,
CHICAGO,,,,,,
Northern Michigan,,,,,,
Fukushima,,,,,,
the North Pole,,,,,,
Accor,,,,,,
Mettmann,,,,,,
North Wales,,,,,,
ANNAPOLIS,,,,,,
Kitsilano,,,,,,
Kitsilanos Heritage Harbour,,,,,,
the Norwegian Sea,,,,,,
Northern Mic,,,,,,
North York,,,,,,
simulat,,,,,,
Amador,,,,,,
MINNESOTA,,,,,,
HARRISON,,,,,,
SINGAPORE,,,,,,
Middle Tennessee,,,,,,
Portugal,,,,,,
Jupiter Icy Moons Explorer,,,,,,
GAINESVILLE,,,,,,
Grand Rapids,,,,,,
sidewalksand,,,,,,
Payette,,,,,,
Zohran,,,,,,
The Proterozoic Biosphere,,,,,,
McDonough,,,,,,
Tokyo,,,,,,
regio…,,,,,,
Slovenia,,,,,,
"Northeast
",,,,,,
Bushwick,,,,,,
TRAFFORD,,,,,,
MANCHESTER,,,,,,
East Flatbush,,,,,,
Mass,,,,,,
Vatican City,,,,,,
Taira Sluisarenkos,,,,,,
Luddington,,,,,,
Bienfait,,,,,,
Bronze Age city,,,,,,
"Monteria, Colombia",,,,,,
Los Alamos,,,,,,
Eurovision,,,,,,
LONDON,,,,,,
KANAGAWA,,,,,,
the South West,,,,,,
Sapporo,,,,,,
Bancroft,,,,,,
Altadena,,,,,,
"Washington, DC",,,,,,
Fulton County,,,,,,
piRNAs,,,,,,
MGI,,,,,,
Manhattans western,,,,,,
… Kashmir Valley,,,,,,
Nipah,,,,,,
Savannah,,,,,,
Klamath,,,,,,
Milan,,,,,,
Asia-Pacific Growth,,,,,,
Tel… Weather,,,,,,
the frozen lake,,,,,,
Disney World,,,,,,
MILWAUKEE,,,,,,
bolzano,,,,,,
italy,,,,,,
south tyrol's,,,,,,
Bolzano,,,,,,
South Tyrol’s,,,,,,
Argos,,,,,,
Argentinas,,,,,,
the Chesapeake Bay fr,,,,,,
Dnipro,,,,,,
Potomac,,,,,,
the District of Columbia,,,,,,
the Potomac River,,,,,,
Howrah,,,,,,
Forest Lodge,,,,,,
Treasure Coast,,,,,,
Vero Beach,,,,,,
Indian River County,,,,,,
the Navesink River,,,,,,
The Navesink River,,,,,,
Giant,,,,,,
N.C.,,,,,,
Asheville,,,,,,
the Antarctic Peninsula,,,,,,
the Kashmir Valley,,,,,,
Arctic Circle,,,,,,
TYSONS CORNER,,,,,,
Will Hit,,,,,,
Snowball Earth,,,,,,
Minimarg,,,,,,
Chesapeake Bay Locked,,,,,,
Indian Springs,,,,,,
Winter,,,,,,
Santo,,,,,,
Big South,,,,,,
Odesa,,,,,,
New York City’s,,,,,,
Birkenstocks Arizona,,,,,,
Renmark,,,,,,
Miami Trips,,,,,,
Bondi,,,,,,
United,,,,,,
arctic air far south,,,,,,
western Türkiye,,,,,,
Flint,,,,,,
pe… Chennai,,,,,,
UkraineKyiv,,,,,,
the Galactic Empire,,,,,,
Empire,,,,,,
Hudson Bay,,,,,,
MD,,,,,,
the Scarisoara ice,,,,,,
Scarisoara,,,,,,
Gujarat,,,,,,
Highlands,,,,,,
new insulat,,,,,,
